{
  "created_at": "2026-06-21T12:06:18.321592",
  "seed": 42,
  "counts": {
    "train": 579,
    "val": 193,
    "test": 193
  },
  "metrics": {
    "train": {
      "rmse": 0.9515118875213887,
      "mae": 0.30867596669992436,
      "r2": 0.9957079462591348
    },
    "val": {
      "rmse": 1.204185800901486,
      "mae": 0.3760351993739303,
      "r2": 0.9929302990578078
    },
    "test": {
      "rmse": 1.0988790933878412,
      "mae": 0.4130988118292517,
      "r2": 0.9946566119134431
    }
  }
}